catalogo_id,nombre_catalogo
1,Catálogo Proyecto 1
2,Catálogo Proyecto 2
3,Catálogo Proyecto 3
4,Catálogo Proyecto 4
5,Catálogo Proyecto 5
6,Catálogo Proyecto 6
7,Catálogo Proyecto 7
8,Catálogo Proyecto 8
9,Catálogo Proyecto 9
10,Catálogo Proyecto 10
11,Catálogo Proyecto 11
12,Catálogo Proyecto 12
13,Catálogo Proyecto 13
14,Catálogo Proyecto 14
15,Catálogo Proyecto 15
16,Catálogo Proyecto 16
17,Catálogo Proyecto 17
18,Catálogo Proyecto 18
19,Catálogo Proyecto 19
20,Catálogo Proyecto 20
21,Catálogo Proyecto 21
22,Catálogo Proyecto 22
23,Catálogo Proyecto 23
24,Catálogo Proyecto 24
25,Catálogo Proyecto 25
26,Catálogo Proyecto 26
27,Catálogo Proyecto 27
28,Catálogo Proyecto 28
29,Catálogo Proyecto 29
30,Catálogo Proyecto 30
31,Catálogo Proyecto 31
32,Catálogo Proyecto 32
33,Catálogo Proyecto 33
34,Catálogo Proyecto 34
35,Catálogo Proyecto 35
36,Catálogo Proyecto 36
37,Catálogo Proyecto 37
38,Catálogo Proyecto 38
39,Catálogo Proyecto 39
40,Catálogo Proyecto 40
41,Catálogo Proyecto 41
42,Catálogo Proyecto 42
43,Catálogo Proyecto 43
44,Catálogo Proyecto 44
45,Catálogo Proyecto 45
46,Catálogo Proyecto 46
47,Catálogo Proyecto 47
48,Catálogo Proyecto 48
49,Catálogo Proyecto 49
50,Catálogo Proyecto 50
51,Catálogo Proyecto 51
52,Catálogo Proyecto 52
53,Catálogo Proyecto 53
54,Catálogo Proyecto 54
55,Catálogo Proyecto 55
56,Catálogo Proyecto 56
57,Catálogo Proyecto 57
58,Catálogo Proyecto 58
59,Catálogo Proyecto 59
60,Catálogo Proyecto 60
61,Catálogo Proyecto 61
62,Catálogo Proyecto 62
63,Catálogo Proyecto 63
64,Catálogo Proyecto 64
65,Catálogo Proyecto 65
66,Catálogo Proyecto 66
67,Catálogo Proyecto 67
68,Catálogo Proyecto 68
69,Catálogo Proyecto 69
70,Catálogo Proyecto 70
71,Catálogo Proyecto 71
72,Catálogo Proyecto 72
73,Catálogo Proyecto 73
74,Catálogo Proyecto 74
75,Catálogo Proyecto 75
76,Catálogo Proyecto 76
77,Catálogo Proyecto 77
78,Catálogo Proyecto 78
79,Catálogo Proyecto 79
80,Catálogo Proyecto 80
81,Catálogo Proyecto 81
82,Catálogo Proyecto 82
83,Catálogo Proyecto 83
84,Catálogo Proyecto 84
85,Catálogo Proyecto 85
86,Catálogo Proyecto 86
87,Catálogo Proyecto 87
88,Catálogo Proyecto 88
89,Catálogo Proyecto 89
90,Catálogo Proyecto 90
91,Catálogo Proyecto 91
92,Catálogo Proyecto 92
93,Catálogo Proyecto 93
94,Catálogo Proyecto 94
95,Catálogo Proyecto 95
96,Catálogo Proyecto 96
97,Catálogo Proyecto 97
98,Catálogo Proyecto 98
99,Catálogo Proyecto 99
100,Catálogo Proyecto 100
101,Catálogo Proyecto 101
102,Catálogo Proyecto 102
103,Catálogo Proyecto 103
104,Catálogo Proyecto 104
105,Catálogo Proyecto 105
106,Catálogo Proyecto 106
107,Catálogo Proyecto 107
108,Catálogo Proyecto 108
109,Catálogo Proyecto 109
110,Catálogo Proyecto 110
111,Catálogo Proyecto 111
112,Catálogo Proyecto 112
113,Catálogo Proyecto 113
114,Catálogo Proyecto 114
115,Catálogo Proyecto 115
116,Catálogo Proyecto 116
117,Catálogo Proyecto 117
118,Catálogo Proyecto 118
119,Catálogo Proyecto 119
120,Catálogo Proyecto 120
121,Catálogo Proyecto 121
122,Catálogo Proyecto 122
123,Catálogo Proyecto 123
124,Catálogo Proyecto 124
125,Catálogo Proyecto 125
126,Catálogo Proyecto 126
127,Catálogo Proyecto 127
128,Catálogo Proyecto 128
129,Catálogo Proyecto 129
130,Catálogo Proyecto 130
131,Catálogo Proyecto 131
132,Catálogo Proyecto 132
133,Catálogo Proyecto 133
134,Catálogo Proyecto 134
135,Catálogo Proyecto 135
136,Catálogo Proyecto 136
137,Catálogo Proyecto 137
138,Catálogo Proyecto 138
139,Catálogo Proyecto 139
140,Catálogo Proyecto 140
141,Catálogo Proyecto 141
142,Catálogo Proyecto 142
143,Catálogo Proyecto 143
144,Catálogo Proyecto 144
145,Catálogo Proyecto 145
146,Catálogo Proyecto 146
147,Catálogo Proyecto 147
148,Catálogo Proyecto 148
149,Catálogo Proyecto 149
150,Catálogo Proyecto 150
151,Catálogo Proyecto 151
152,Catálogo Proyecto 152
153,Catálogo Proyecto 153
154,Catálogo Proyecto 154
155,Catálogo Proyecto 155
156,Catálogo Proyecto 156
157,Catálogo Proyecto 157
158,Catálogo Proyecto 158
159,Catálogo Proyecto 159
160,Catálogo Proyecto 160
161,Catálogo Proyecto 161
162,Catálogo Proyecto 162
163,Catálogo Proyecto 163
164,Catálogo Proyecto 164
165,Catálogo Proyecto 165
166,Catálogo Proyecto 166
167,Catálogo Proyecto 167
168,Catálogo Proyecto 168
169,Catálogo Proyecto 169
170,Catálogo Proyecto 170
171,Catálogo Proyecto 171
172,Catálogo Proyecto 172
173,Catálogo Proyecto 173
174,Catálogo Proyecto 174
175,Catálogo Proyecto 175
176,Catálogo Proyecto 176
177,Catálogo Proyecto 177
178,Catálogo Proyecto 178
179,Catálogo Proyecto 179
180,Catálogo Proyecto 180
181,Catálogo Proyecto 181
182,Catálogo Proyecto 182
183,Catálogo Proyecto 183
184,Catálogo Proyecto 184
185,Catálogo Proyecto 185
186,Catálogo Proyecto 186
187,Catálogo Proyecto 187
188,Catálogo Proyecto 188
189,Catálogo Proyecto 189
190,Catálogo Proyecto 190
191,Catálogo Proyecto 191
192,Catálogo Proyecto 192
193,Catálogo Proyecto 193
194,Catálogo Proyecto 194
195,Catálogo Proyecto 195
196,Catálogo Proyecto 196
197,Catálogo Proyecto 197
198,Catálogo Proyecto 198
199,Catálogo Proyecto 199
200,Catálogo Proyecto 200
201,Catálogo Proyecto 201
202,Catálogo Proyecto 202
203,Catálogo Proyecto 203
204,Catálogo Proyecto 204
205,Catálogo Proyecto 205
206,Catálogo Proyecto 206
207,Catálogo Proyecto 207
208,Catálogo Proyecto 208
209,Catálogo Proyecto 209
210,Catálogo Proyecto 210
211,Catálogo Proyecto 211
212,Catálogo Proyecto 212
213,Catálogo Proyecto 213
214,Catálogo Proyecto 214
215,Catálogo Proyecto 215
216,Catálogo Proyecto 216
217,Catálogo Proyecto 217
218,Catálogo Proyecto 218
219,Catálogo Proyecto 219
220,Catálogo Proyecto 220
221,Catálogo Proyecto 221
222,Catálogo Proyecto 222
223,Catálogo Proyecto 223
224,Catálogo Proyecto 224
225,Catálogo Proyecto 225
226,Catálogo Proyecto 226
227,Catálogo Proyecto 227
228,Catálogo Proyecto 228
229,Catálogo Proyecto 229
230,Catálogo Proyecto 230
231,Catálogo Proyecto 231
232,Catálogo Proyecto 232
233,Catálogo Proyecto 233
234,Catálogo Proyecto 234
235,Catálogo Proyecto 235
236,Catálogo Proyecto 236
237,Catálogo Proyecto 237
238,Catálogo Proyecto 238
239,Catálogo Proyecto 239
240,Catálogo Proyecto 240
241,Catálogo Proyecto 241
242,Catálogo Proyecto 242
243,Catálogo Proyecto 243
244,Catálogo Proyecto 244
245,Catálogo Proyecto 245
246,Catálogo Proyecto 246
247,Catálogo Proyecto 247
248,Catálogo Proyecto 248
249,Catálogo Proyecto 249
250,Catálogo Proyecto 250
251,Catálogo Proyecto 251
252,Catálogo Proyecto 252
253,Catálogo Proyecto 253
254,Catálogo Proyecto 254
255,Catálogo Proyecto 255
256,Catálogo Proyecto 256
257,Catálogo Proyecto 257
258,Catálogo Proyecto 258
259,Catálogo Proyecto 259
260,Catálogo Proyecto 260
261,Catálogo Proyecto 261
262,Catálogo Proyecto 262
263,Catálogo Proyecto 263
264,Catálogo Proyecto 264
265,Catálogo Proyecto 265
266,Catálogo Proyecto 266
267,Catálogo Proyecto 267
268,Catálogo Proyecto 268
269,Catálogo Proyecto 269
270,Catálogo Proyecto 270
271,Catálogo Proyecto 271
272,Catálogo Proyecto 272
273,Catálogo Proyecto 273
274,Catálogo Proyecto 274
275,Catálogo Proyecto 275
276,Catálogo Proyecto 276
277,Catálogo Proyecto 277
278,Catálogo Proyecto 278
279,Catálogo Proyecto 279
280,Catálogo Proyecto 280
281,Catálogo Proyecto 281
282,Catálogo Proyecto 282
283,Catálogo Proyecto 283
284,Catálogo Proyecto 284
285,Catálogo Proyecto 285
286,Catálogo Proyecto 286
287,Catálogo Proyecto 287
288,Catálogo Proyecto 288
289,Catálogo Proyecto 289
290,Catálogo Proyecto 290
291,Catálogo Proyecto 291
292,Catálogo Proyecto 292
293,Catálogo Proyecto 293
294,Catálogo Proyecto 294
295,Catálogo Proyecto 295
296,Catálogo Proyecto 296
297,Catálogo Proyecto 297
298,Catálogo Proyecto 298
299,Catálogo Proyecto 299
300,Catálogo Proyecto 300
301,Catálogo Proyecto 301
302,Catálogo Proyecto 302
303,Catálogo Proyecto 303
304,Catálogo Proyecto 304
305,Catálogo Proyecto 305
306,Catálogo Proyecto 306
307,Catálogo Proyecto 307
308,Catálogo Proyecto 308
309,Catálogo Proyecto 309
310,Catálogo Proyecto 310
311,Catálogo Proyecto 311
312,Catálogo Proyecto 312
313,Catálogo Proyecto 313
314,Catálogo Proyecto 314
315,Catálogo Proyecto 315
316,Catálogo Proyecto 316
317,Catálogo Proyecto 317
318,Catálogo Proyecto 318
319,Catálogo Proyecto 319
320,Catálogo Proyecto 320
321,Catálogo Proyecto 321
322,Catálogo Proyecto 322
323,Catálogo Proyecto 323
324,Catálogo Proyecto 324
325,Catálogo Proyecto 325
326,Catálogo Proyecto 326
327,Catálogo Proyecto 327
328,Catálogo Proyecto 328
329,Catálogo Proyecto 329
330,Catálogo Proyecto 330
331,Catálogo Proyecto 331
332,Catálogo Proyecto 332
333,Catálogo Proyecto 333
334,Catálogo Proyecto 334
335,Catálogo Proyecto 335
336,Catálogo Proyecto 336
337,Catálogo Proyecto 337
338,Catálogo Proyecto 338
339,Catálogo Proyecto 339
340,Catálogo Proyecto 340
341,Catálogo Proyecto 341
342,Catálogo Proyecto 342
343,Catálogo Proyecto 343
344,Catálogo Proyecto 344
345,Catálogo Proyecto 345
346,Catálogo Proyecto 346
347,Catálogo Proyecto 347
348,Catálogo Proyecto 348
349,Catálogo Proyecto 349
350,Catálogo Proyecto 350
351,Catálogo Proyecto 351
352,Catálogo Proyecto 352
353,Catálogo Proyecto 353
354,Catálogo Proyecto 354
355,Catálogo Proyecto 355
356,Catálogo Proyecto 356
357,Catálogo Proyecto 357
358,Catálogo Proyecto 358
359,Catálogo Proyecto 359
360,Catálogo Proyecto 360
361,Catálogo Proyecto 361
362,Catálogo Proyecto 362
363,Catálogo Proyecto 363
364,Catálogo Proyecto 364
365,Catálogo Proyecto 365
366,Catálogo Proyecto 366
367,Catálogo Proyecto 367
368,Catálogo Proyecto 368
369,Catálogo Proyecto 369
370,Catálogo Proyecto 370
371,Catálogo Proyecto 371
372,Catálogo Proyecto 372
373,Catálogo Proyecto 373
374,Catálogo Proyecto 374
375,Catálogo Proyecto 375
376,Catálogo Proyecto 376
377,Catálogo Proyecto 377
378,Catálogo Proyecto 378
379,Catálogo Proyecto 379
380,Catálogo Proyecto 380
381,Catálogo Proyecto 381
382,Catálogo Proyecto 382
383,Catálogo Proyecto 383
384,Catálogo Proyecto 384
385,Catálogo Proyecto 385
386,Catálogo Proyecto 386
387,Catálogo Proyecto 387
388,Catálogo Proyecto 388
389,Catálogo Proyecto 389
390,Catálogo Proyecto 390
391,Catálogo Proyecto 391
392,Catálogo Proyecto 392
393,Catálogo Proyecto 393
394,Catálogo Proyecto 394
395,Catálogo Proyecto 395
396,Catálogo Proyecto 396
397,Catálogo Proyecto 397
398,Catálogo Proyecto 398
399,Catálogo Proyecto 399
400,Catálogo Proyecto 400
401,Catálogo Proyecto 401
402,Catálogo Proyecto 402
403,Catálogo Proyecto 403
404,Catálogo Proyecto 404
405,Catálogo Proyecto 405
406,Catálogo Proyecto 406
407,Catálogo Proyecto 407
408,Catálogo Proyecto 408
409,Catálogo Proyecto 409
410,Catálogo Proyecto 410
411,Catálogo Proyecto 411
412,Catálogo Proyecto 412
413,Catálogo Proyecto 413
414,Catálogo Proyecto 414
415,Catálogo Proyecto 415
416,Catálogo Proyecto 416
417,Catálogo Proyecto 417
418,Catálogo Proyecto 418
419,Catálogo Proyecto 419
420,Catálogo Proyecto 420
421,Catálogo Proyecto 421
422,Catálogo Proyecto 422
423,Catálogo Proyecto 423
424,Catálogo Proyecto 424
425,Catálogo Proyecto 425
426,Catálogo Proyecto 426
427,Catálogo Proyecto 427
428,Catálogo Proyecto 428
429,Catálogo Proyecto 429
430,Catálogo Proyecto 430
431,Catálogo Proyecto 431
432,Catálogo Proyecto 432
433,Catálogo Proyecto 433
434,Catálogo Proyecto 434
435,Catálogo Proyecto 435
436,Catálogo Proyecto 436
437,Catálogo Proyecto 437
438,Catálogo Proyecto 438
439,Catálogo Proyecto 439
440,Catálogo Proyecto 440
441,Catálogo Proyecto 441
442,Catálogo Proyecto 442
443,Catálogo Proyecto 443
444,Catálogo Proyecto 444
445,Catálogo Proyecto 445
446,Catálogo Proyecto 446
447,Catálogo Proyecto 447
448,Catálogo Proyecto 448
449,Catálogo Proyecto 449
450,Catálogo Proyecto 450
451,Catálogo Proyecto 451
452,Catálogo Proyecto 452
453,Catálogo Proyecto 453
454,Catálogo Proyecto 454
455,Catálogo Proyecto 455
456,Catálogo Proyecto 456
457,Catálogo Proyecto 457
458,Catálogo Proyecto 458
459,Catálogo Proyecto 459
460,Catálogo Proyecto 460
461,Catálogo Proyecto 461
462,Catálogo Proyecto 462
463,Catálogo Proyecto 463
464,Catálogo Proyecto 464
465,Catálogo Proyecto 465
466,Catálogo Proyecto 466
467,Catálogo Proyecto 467
468,Catálogo Proyecto 468
469,Catálogo Proyecto 469
470,Catálogo Proyecto 470
471,Catálogo Proyecto 471
472,Catálogo Proyecto 472
473,Catálogo Proyecto 473
474,Catálogo Proyecto 474
475,Catálogo Proyecto 475
476,Catálogo Proyecto 476
477,Catálogo Proyecto 477
478,Catálogo Proyecto 478
479,Catálogo Proyecto 479
480,Catálogo Proyecto 480
481,Catálogo Proyecto 481
482,Catálogo Proyecto 482
483,Catálogo Proyecto 483
484,Catálogo Proyecto 484
485,Catálogo Proyecto 485
486,Catálogo Proyecto 486
487,Catálogo Proyecto 487
488,Catálogo Proyecto 488
489,Catálogo Proyecto 489
490,Catálogo Proyecto 490
491,Catálogo Proyecto 491
492,Catálogo Proyecto 492
493,Catálogo Proyecto 493
494,Catálogo Proyecto 494
495,Catálogo Proyecto 495
496,Catálogo Proyecto 496
497,Catálogo Proyecto 497
498,Catálogo Proyecto 498
499,Catálogo Proyecto 499
500,Catálogo Proyecto 500
501,Catálogo Proyecto 501
502,Catálogo Proyecto 502
503,Catálogo Proyecto 503
504,Catálogo Proyecto 504
505,Catálogo Proyecto 505
506,Catálogo Proyecto 506
507,Catálogo Proyecto 507
508,Catálogo Proyecto 508
509,Catálogo Proyecto 509
510,Catálogo Proyecto 510
511,Catálogo Proyecto 511
512,Catálogo Proyecto 512
513,Catálogo Proyecto 513
514,Catálogo Proyecto 514
515,Catálogo Proyecto 515
516,Catálogo Proyecto 516
517,Catálogo Proyecto 517
518,Catálogo Proyecto 518
519,Catálogo Proyecto 519
520,Catálogo Proyecto 520
521,Catálogo Proyecto 521
522,Catálogo Proyecto 522
523,Catálogo Proyecto 523
524,Catálogo Proyecto 524
525,Catálogo Proyecto 525
526,Catálogo Proyecto 526
527,Catálogo Proyecto 527
528,Catálogo Proyecto 528
529,Catálogo Proyecto 529
530,Catálogo Proyecto 530
531,Catálogo Proyecto 531
532,Catálogo Proyecto 532
533,Catálogo Proyecto 533
534,Catálogo Proyecto 534
535,Catálogo Proyecto 535
536,Catálogo Proyecto 536
537,Catálogo Proyecto 537
538,Catálogo Proyecto 538
539,Catálogo Proyecto 539
540,Catálogo Proyecto 540
541,Catálogo Proyecto 541
542,Catálogo Proyecto 542
543,Catálogo Proyecto 543
544,Catálogo Proyecto 544
545,Catálogo Proyecto 545
546,Catálogo Proyecto 546
547,Catálogo Proyecto 547
548,Catálogo Proyecto 548
549,Catálogo Proyecto 549
550,Catálogo Proyecto 550
551,Catálogo Proyecto 551
552,Catálogo Proyecto 552
553,Catálogo Proyecto 553
554,Catálogo Proyecto 554
555,Catálogo Proyecto 555
556,Catálogo Proyecto 556
557,Catálogo Proyecto 557
558,Catálogo Proyecto 558
559,Catálogo Proyecto 559
560,Catálogo Proyecto 560
561,Catálogo Proyecto 561
562,Catálogo Proyecto 562
563,Catálogo Proyecto 563
564,Catálogo Proyecto 564
565,Catálogo Proyecto 565
566,Catálogo Proyecto 566
567,Catálogo Proyecto 567
568,Catálogo Proyecto 568
569,Catálogo Proyecto 569
570,Catálogo Proyecto 570
571,Catálogo Proyecto 571
572,Catálogo Proyecto 572
573,Catálogo Proyecto 573
574,Catálogo Proyecto 574
575,Catálogo Proyecto 575
576,Catálogo Proyecto 576
577,Catálogo Proyecto 577
578,Catálogo Proyecto 578
579,Catálogo Proyecto 579
580,Catálogo Proyecto 580
581,Catálogo Proyecto 581
582,Catálogo Proyecto 582
583,Catálogo Proyecto 583
584,Catálogo Proyecto 584
585,Catálogo Proyecto 585
586,Catálogo Proyecto 586
587,Catálogo Proyecto 587
588,Catálogo Proyecto 588
589,Catálogo Proyecto 589
590,Catálogo Proyecto 590
591,Catálogo Proyecto 591
592,Catálogo Proyecto 592
593,Catálogo Proyecto 593
594,Catálogo Proyecto 594
595,Catálogo Proyecto 595
596,Catálogo Proyecto 596
597,Catálogo Proyecto 597
598,Catálogo Proyecto 598
599,Catálogo Proyecto 599
600,Catálogo Proyecto 600
601,Catálogo Proyecto 601
602,Catálogo Proyecto 602
603,Catálogo Proyecto 603
604,Catálogo Proyecto 604
605,Catálogo Proyecto 605
606,Catálogo Proyecto 606
607,Catálogo Proyecto 607
608,Catálogo Proyecto 608
609,Catálogo Proyecto 609
610,Catálogo Proyecto 610
611,Catálogo Proyecto 611
612,Catálogo Proyecto 612
613,Catálogo Proyecto 613
614,Catálogo Proyecto 614
615,Catálogo Proyecto 615
616,Catálogo Proyecto 616
617,Catálogo Proyecto 617
618,Catálogo Proyecto 618
619,Catálogo Proyecto 619
620,Catálogo Proyecto 620
621,Catálogo Proyecto 621
622,Catálogo Proyecto 622
623,Catálogo Proyecto 623
624,Catálogo Proyecto 624
625,Catálogo Proyecto 625
626,Catálogo Proyecto 626
627,Catálogo Proyecto 627
628,Catálogo Proyecto 628
629,Catálogo Proyecto 629
630,Catálogo Proyecto 630
631,Catálogo Proyecto 631
632,Catálogo Proyecto 632
633,Catálogo Proyecto 633
634,Catálogo Proyecto 634
635,Catálogo Proyecto 635
636,Catálogo Proyecto 636
637,Catálogo Proyecto 637
638,Catálogo Proyecto 638
639,Catálogo Proyecto 639
640,Catálogo Proyecto 640
641,Catálogo Proyecto 641
642,Catálogo Proyecto 642
643,Catálogo Proyecto 643
644,Catálogo Proyecto 644
645,Catálogo Proyecto 645
646,Catálogo Proyecto 646
647,Catálogo Proyecto 647
648,Catálogo Proyecto 648
649,Catálogo Proyecto 649
650,Catálogo Proyecto 650
651,Catálogo Proyecto 651
652,Catálogo Proyecto 652
653,Catálogo Proyecto 653
654,Catálogo Proyecto 654
655,Catálogo Proyecto 655
656,Catálogo Proyecto 656
657,Catálogo Proyecto 657
658,Catálogo Proyecto 658
659,Catálogo Proyecto 659
660,Catálogo Proyecto 660
661,Catálogo Proyecto 661
662,Catálogo Proyecto 662
663,Catálogo Proyecto 663
664,Catálogo Proyecto 664
665,Catálogo Proyecto 665
666,Catálogo Proyecto 666
667,Catálogo Proyecto 667
668,Catálogo Proyecto 668
669,Catálogo Proyecto 669
670,Catálogo Proyecto 670
671,Catálogo Proyecto 671
672,Catálogo Proyecto 672
673,Catálogo Proyecto 673
674,Catálogo Proyecto 674
675,Catálogo Proyecto 675
676,Catálogo Proyecto 676
677,Catálogo Proyecto 677
678,Catálogo Proyecto 678
679,Catálogo Proyecto 679
680,Catálogo Proyecto 680
681,Catálogo Proyecto 681
682,Catálogo Proyecto 682
683,Catálogo Proyecto 683
684,Catálogo Proyecto 684
685,Catálogo Proyecto 685
686,Catálogo Proyecto 686
687,Catálogo Proyecto 687
688,Catálogo Proyecto 688
689,Catálogo Proyecto 689
690,Catálogo Proyecto 690
691,Catálogo Proyecto 691
692,Catálogo Proyecto 692
693,Catálogo Proyecto 693
694,Catálogo Proyecto 694
695,Catálogo Proyecto 695
696,Catálogo Proyecto 696
697,Catálogo Proyecto 697
698,Catálogo Proyecto 698
699,Catálogo Proyecto 699
700,Catálogo Proyecto 700
701,Catálogo Proyecto 701
702,Catálogo Proyecto 702
703,Catálogo Proyecto 703
704,Catálogo Proyecto 704
705,Catálogo Proyecto 705
706,Catálogo Proyecto 706
707,Catálogo Proyecto 707
708,Catálogo Proyecto 708
709,Catálogo Proyecto 709
710,Catálogo Proyecto 710
711,Catálogo Proyecto 711
712,Catálogo Proyecto 712
713,Catálogo Proyecto 713
714,Catálogo Proyecto 714
715,Catálogo Proyecto 715
716,Catálogo Proyecto 716
717,Catálogo Proyecto 717
718,Catálogo Proyecto 718
719,Catálogo Proyecto 719
720,Catálogo Proyecto 720
721,Catálogo Proyecto 721
722,Catálogo Proyecto 722
723,Catálogo Proyecto 723
724,Catálogo Proyecto 724
725,Catálogo Proyecto 725
726,Catálogo Proyecto 726
727,Catálogo Proyecto 727
728,Catálogo Proyecto 728
729,Catálogo Proyecto 729
730,Catálogo Proyecto 730
731,Catálogo Proyecto 731
732,Catálogo Proyecto 732
733,Catálogo Proyecto 733
734,Catálogo Proyecto 734
735,Catálogo Proyecto 735
736,Catálogo Proyecto 736
737,Catálogo Proyecto 737
738,Catálogo Proyecto 738
739,Catálogo Proyecto 739
740,Catálogo Proyecto 740
741,Catálogo Proyecto 741
742,Catálogo Proyecto 742
743,Catálogo Proyecto 743
744,Catálogo Proyecto 744
745,Catálogo Proyecto 745
746,Catálogo Proyecto 746
747,Catálogo Proyecto 747
748,Catálogo Proyecto 748
749,Catálogo Proyecto 749
750,Catálogo Proyecto 750
751,Catálogo Proyecto 751
752,Catálogo Proyecto 752
753,Catálogo Proyecto 753
754,Catálogo Proyecto 754
755,Catálogo Proyecto 755
756,Catálogo Proyecto 756
757,Catálogo Proyecto 757
758,Catálogo Proyecto 758
759,Catálogo Proyecto 759
760,Catálogo Proyecto 760
761,Catálogo Proyecto 761
762,Catálogo Proyecto 762
763,Catálogo Proyecto 763
764,Catálogo Proyecto 764
765,Catálogo Proyecto 765
766,Catálogo Proyecto 766
767,Catálogo Proyecto 767
768,Catálogo Proyecto 768
769,Catálogo Proyecto 769
770,Catálogo Proyecto 770
771,Catálogo Proyecto 771
772,Catálogo Proyecto 772
773,Catálogo Proyecto 773
774,Catálogo Proyecto 774
775,Catálogo Proyecto 775
776,Catálogo Proyecto 776
777,Catálogo Proyecto 777
778,Catálogo Proyecto 778
779,Catálogo Proyecto 779
780,Catálogo Proyecto 780
781,Catálogo Proyecto 781
782,Catálogo Proyecto 782
783,Catálogo Proyecto 783
784,Catálogo Proyecto 784
785,Catálogo Proyecto 785
786,Catálogo Proyecto 786
787,Catálogo Proyecto 787
788,Catálogo Proyecto 788
789,Catálogo Proyecto 789
790,Catálogo Proyecto 790
791,Catálogo Proyecto 791
792,Catálogo Proyecto 792
793,Catálogo Proyecto 793
794,Catálogo Proyecto 794
795,Catálogo Proyecto 795
796,Catálogo Proyecto 796
797,Catálogo Proyecto 797
798,Catálogo Proyecto 798
799,Catálogo Proyecto 799
800,Catálogo Proyecto 800
801,Catálogo Proyecto 801
802,Catálogo Proyecto 802
803,Catálogo Proyecto 803
804,Catálogo Proyecto 804
805,Catálogo Proyecto 805
806,Catálogo Proyecto 806
807,Catálogo Proyecto 807
808,Catálogo Proyecto 808
809,Catálogo Proyecto 809
810,Catálogo Proyecto 810
811,Catálogo Proyecto 811
812,Catálogo Proyecto 812
813,Catálogo Proyecto 813
814,Catálogo Proyecto 814
815,Catálogo Proyecto 815
816,Catálogo Proyecto 816
817,Catálogo Proyecto 817
818,Catálogo Proyecto 818
819,Catálogo Proyecto 819
820,Catálogo Proyecto 820
821,Catálogo Proyecto 821
822,Catálogo Proyecto 822
823,Catálogo Proyecto 823
824,Catálogo Proyecto 824
825,Catálogo Proyecto 825
826,Catálogo Proyecto 826
827,Catálogo Proyecto 827
828,Catálogo Proyecto 828
829,Catálogo Proyecto 829
830,Catálogo Proyecto 830
831,Catálogo Proyecto 831
832,Catálogo Proyecto 832
833,Catálogo Proyecto 833
834,Catálogo Proyecto 834
835,Catálogo Proyecto 835
836,Catálogo Proyecto 836
837,Catálogo Proyecto 837
838,Catálogo Proyecto 838
839,Catálogo Proyecto 839
840,Catálogo Proyecto 840
841,Catálogo Proyecto 841
842,Catálogo Proyecto 842
843,Catálogo Proyecto 843
844,Catálogo Proyecto 844
845,Catálogo Proyecto 845
846,Catálogo Proyecto 846
847,Catálogo Proyecto 847
848,Catálogo Proyecto 848
849,Catálogo Proyecto 849
850,Catálogo Proyecto 850
851,Catálogo Proyecto 851
852,Catálogo Proyecto 852
853,Catálogo Proyecto 853
854,Catálogo Proyecto 854
855,Catálogo Proyecto 855
856,Catálogo Proyecto 856
857,Catálogo Proyecto 857
858,Catálogo Proyecto 858
859,Catálogo Proyecto 859
860,Catálogo Proyecto 860
861,Catálogo Proyecto 861
862,Catálogo Proyecto 862
863,Catálogo Proyecto 863
864,Catálogo Proyecto 864
865,Catálogo Proyecto 865
866,Catálogo Proyecto 866
867,Catálogo Proyecto 867
868,Catálogo Proyecto 868
869,Catálogo Proyecto 869
870,Catálogo Proyecto 870
871,Catálogo Proyecto 871
872,Catálogo Proyecto 872
873,Catálogo Proyecto 873
874,Catálogo Proyecto 874
875,Catálogo Proyecto 875
876,Catálogo Proyecto 876
877,Catálogo Proyecto 877
878,Catálogo Proyecto 878
879,Catálogo Proyecto 879
880,Catálogo Proyecto 880
881,Catálogo Proyecto 881
882,Catálogo Proyecto 882
883,Catálogo Proyecto 883
884,Catálogo Proyecto 884
885,Catálogo Proyecto 885
886,Catálogo Proyecto 886
887,Catálogo Proyecto 887
888,Catálogo Proyecto 888
889,Catálogo Proyecto 889
890,Catálogo Proyecto 890
891,Catálogo Proyecto 891
892,Catálogo Proyecto 892
893,Catálogo Proyecto 893
894,Catálogo Proyecto 894
895,Catálogo Proyecto 895
896,Catálogo Proyecto 896
897,Catálogo Proyecto 897
898,Catálogo Proyecto 898
899,Catálogo Proyecto 899
900,Catálogo Proyecto 900
901,Catálogo Proyecto 901
902,Catálogo Proyecto 902
903,Catálogo Proyecto 903
904,Catálogo Proyecto 904
905,Catálogo Proyecto 905
906,Catálogo Proyecto 906
907,Catálogo Proyecto 907
908,Catálogo Proyecto 908
909,Catálogo Proyecto 909
910,Catálogo Proyecto 910
911,Catálogo Proyecto 911
912,Catálogo Proyecto 912
913,Catálogo Proyecto 913
914,Catálogo Proyecto 914
915,Catálogo Proyecto 915
916,Catálogo Proyecto 916
917,Catálogo Proyecto 917
918,Catálogo Proyecto 918
919,Catálogo Proyecto 919
920,Catálogo Proyecto 920
921,Catálogo Proyecto 921
922,Catálogo Proyecto 922
923,Catálogo Proyecto 923
924,Catálogo Proyecto 924
925,Catálogo Proyecto 925
926,Catálogo Proyecto 926
927,Catálogo Proyecto 927
928,Catálogo Proyecto 928
929,Catálogo Proyecto 929
930,Catálogo Proyecto 930
931,Catálogo Proyecto 931
932,Catálogo Proyecto 932
933,Catálogo Proyecto 933
934,Catálogo Proyecto 934
935,Catálogo Proyecto 935
936,Catálogo Proyecto 936
937,Catálogo Proyecto 937
938,Catálogo Proyecto 938
939,Catálogo Proyecto 939
940,Catálogo Proyecto 940
941,Catálogo Proyecto 941
942,Catálogo Proyecto 942
943,Catálogo Proyecto 943
944,Catálogo Proyecto 944
945,Catálogo Proyecto 945
946,Catálogo Proyecto 946
947,Catálogo Proyecto 947
948,Catálogo Proyecto 948
949,Catálogo Proyecto 949
950,Catálogo Proyecto 950
951,Catálogo Proyecto 951
952,Catálogo Proyecto 952
953,Catálogo Proyecto 953
954,Catálogo Proyecto 954
955,Catálogo Proyecto 955
956,Catálogo Proyecto 956
957,Catálogo Proyecto 957
958,Catálogo Proyecto 958
959,Catálogo Proyecto 959
960,Catálogo Proyecto 960
961,Catálogo Proyecto 961
962,Catálogo Proyecto 962
963,Catálogo Proyecto 963
964,Catálogo Proyecto 964
965,Catálogo Proyecto 965
966,Catálogo Proyecto 966
967,Catálogo Proyecto 967
968,Catálogo Proyecto 968
969,Catálogo Proyecto 969
970,Catálogo Proyecto 970
971,Catálogo Proyecto 971
972,Catálogo Proyecto 972
973,Catálogo Proyecto 973
974,Catálogo Proyecto 974
975,Catálogo Proyecto 975
976,Catálogo Proyecto 976
977,Catálogo Proyecto 977
978,Catálogo Proyecto 978
979,Catálogo Proyecto 979
980,Catálogo Proyecto 980
981,Catálogo Proyecto 981
982,Catálogo Proyecto 982
983,Catálogo Proyecto 983
984,Catálogo Proyecto 984
985,Catálogo Proyecto 985
986,Catálogo Proyecto 986
987,Catálogo Proyecto 987
988,Catálogo Proyecto 988
989,Catálogo Proyecto 989
990,Catálogo Proyecto 990
991,Catálogo Proyecto 991
992,Catálogo Proyecto 992
993,Catálogo Proyecto 993
994,Catálogo Proyecto 994
995,Catálogo Proyecto 995
996,Catálogo Proyecto 996
997,Catálogo Proyecto 997
998,Catálogo Proyecto 998
999,Catálogo Proyecto 999
1000,Catálogo Proyecto 1000
